<?xml version="1.0" encoding="UTF-8"?>
<project-private xmlns="http://www.netbeans.org/ns/project-private/1">
    <editor-bookmarks xmlns="http://www.netbeans.org/ns/editor-bookmarks/2" lastBookmarkId="0"/>
    <open-files xmlns="http://www.netbeans.org/ns/projectui-open-files/2">
        <group>
            <file>file:/C:/Users/ovall/OneDrive/Documents/NeatBeans/6Semestre/AplicacionesParaComunicacionesDeRed/RMI/src/ejercicio1/ObjetoRemoto.java</file>
            <file>file:/C:/Users/ovall/OneDrive/Documents/NeatBeans/6Semestre/AplicacionesParaComunicacionesDeRed/RMI/src/ejercicio1/ClienteRMI.java</file>
            <file>file:/C:/Users/ovall/OneDrive/Documents/NeatBeans/6Semestre/AplicacionesParaComunicacionesDeRed/RMI/src/ejercicio1/ServidorRMI.java</file>
            <file>file:/C:/Users/ovall/OneDrive/Documents/NeatBeans/6Semestre/AplicacionesParaComunicacionesDeRed/RMI/src/ejercicio1/RMInterface.java</file>
        </group>
    </open-files>
</project-private>
