<?xml version="1.0" encoding="UTF-8"?>
<project-private xmlns="http://www.netbeans.org/ns/project-private/1">
    <editor-bookmarks xmlns="http://www.netbeans.org/ns/editor-bookmarks/2" lastBookmarkId="0"/>
    <open-files xmlns="http://www.netbeans.org/ns/projectui-open-files/2">
        <group>
            <file>file:/C:/Users/ovall/OneDrive/Documents/NeatBeans/AplicacionesParaComunicacionesDeRed/Unidad4Hilos/src/Sincronizacion/Productor.java</file>
            <file>file:/C:/Users/ovall/OneDrive/Documents/NeatBeans/AplicacionesParaComunicacionesDeRed/Unidad4Hilos/src/Sincronizacion/Consumidor.java</file>
            <file>file:/C:/Users/ovall/OneDrive/Documents/NeatBeans/AplicacionesParaComunicacionesDeRed/Unidad4Hilos/src/Sincronizacion/Contenedor.java</file>
            <file>file:/C:/Users/ovall/OneDrive/Documents/NeatBeans/AplicacionesParaComunicacionesDeRed/Unidad4Hilos/src/Ejercicio2/Roca.java</file>
        </group>
    </open-files>
</project-private>
